来源,内容
サイバーパンクエッジランナーズE2,俺にインストールしてくれ
サイバーパンクエッジランナーズE2,冗談だろ？
サイバーパンクエッジランナーズE2,売るって話じゃなかったか？
サイバーパンクエッジランナーズE2,売らない
サイバーパンクエッジランナーズE2,自分でつけたいんだ
サイバーパンクエッジランナーズE2,やめとけ
サイバーパンクエッジランナーズE2,そいつは ただでさえ 合う合わないが激しい
サイバーパンクエッジランナーズE2,そのうえ ガチの軍用だ
サイバーパンクエッジランナーズE2,ガキが耐えられる代物じゃねえよ
サイバーパンクエッジランナーズE2,カネさえ払えば あんたの知ったことじゃないだろ
サイバーパンクエッジランナーズE2,カネなんか… 持ってねえだろうが
サイバーパンクエッジランナーズE2,分かったよ
サイバーパンクエッジランナーズE3,ちょっと待て
サイバーパンクエッジランナーズE3,取引といかねえか？
サイバーパンクエッジランナーズE3,インストールはしてやる
サイバーパンクエッジランナーズE2,その代わり 外したくなった時も
サイバーパンクエッジランナーズE2,お前がくたばった時も
サイバーパンクエッジランナーズE2,タダで俺が頂く
サイバーパンクエッジランナーズE2,いい話だろう？
サイバーパンクエッジランナーズE2,おい 授業中だぞ
サイバーパンクエッジランナーズE2,学校だっつってんだろ！
サイバーパンクエッジランナーズE2,カメラあんだぞ バカなの…
サイバーパンクエッジランナーズE2,記録に残るか？
サイバーパンクエッジランナーズE2,俺には関係ねえな ほら
サイバーパンクエッジランナーズE2,イテー！
サイバーパンクエッジランナーズE2,何だ クソッ！
サイバーパンクエッジランナーズE2,どんなクローム 入れやがった
サイバーパンクエッジランナーズE2,鼻が折れちゃったじゃないか
サイバーパンクエッジランナーズE2,お前は おしまいだぞ
サイバーパンクエッジランナーズE2,オヤジはアラサカの重役なんだ
サイバーパンクエッジランナーズE2,アカデミーの理事もしてるから お前を退学にするのなんて簡単だ
サイバーパンクエッジランナーズE2,自分で辞めなくても 退学するハメに…
サイバーパンクエッジランナーズE2,知るかよ クソ野郎
サイバーパンクエッジランナーズE2,オヤジはアラサカの重役なんだ
サイバーパンクエッジランナーズE2,アカデミーの理事もしてるから お前を退学にするのなんて簡単だ
サイバーパンクエッジランナーズE2,マーカス 教えてくれ
サイバーパンクエッジランナーズE2,なぜ息子が殴られる不愉快な映像を 見せられなきゃならんのかね？
サイバーパンクエッジランナーズE2,この生徒は デイビッド･マルティネス 歳 サントドミンゴ出身 成績は優秀ですが 先日 違法デバイスにより アカデミーのシステムを破壊 父親はおらず母親は事故により死亡 現在 多額の負債を抱えており…
サイバーパンクエッジランナーズE2,何の関係がある？
サイバーパンクエッジランナーズE2,彼の異常な動き このインプラントは ジェームス･ノリス元中尉の サンデヴィスタンに 間違いありません
サイバーパンクエッジランナーズE2,サイバーサイコシス化して 処理した件だな？
サイバーパンクエッジランナーズE2,はい 歴戦の軍人でさえ 耐えられなかった インプラントですが 彼には副作用が見られません 並外れた耐性があると推測され 例のプロダクトを試す よい人材に なりえる可能性があります
サイバーパンクエッジランナーズE2,なるほど 今 彼は？
サイバーパンクエッジランナーズE2,即刻 退学処分に
サイバーパンクエッジランナーズE2,呼び戻せ 何なら学費を支援してやってもいい
サイバーパンクエッジランナーズE2,ご子息への暴力については？
サイバーパンクエッジランナーズE2,“社の利益は すべてにおいて優先される” 私のせがれは分かっているさ
サイバーパンクエッジランナーズE2,マルティネス君 規則に基づいた退学手続きが 自動で行われました が タナカ君の親御さん…
サイバーパンクエッジランナーズE2,終わったな～ 俺
サイバーパンクエッジランナーズE2,やってらんないよ 安月給でさあ
サイバーパンクエッジランナーズE2,ちょっと来な
サイバーパンクエッジランナーズE2,どういうつもり？
サイバーパンクエッジランナーズE2,何が？
サイバーパンクエッジランナーズE2,私の仕事を邪魔したわ
サイバーパンクエッジランナーズE2,いや おとなしく 盗ませるやつがいるかよ
サイバーパンクエッジランナーズE2,チラチラ 私を見てたでしょ
サイバーパンクエッジランナーズE2,まさか泥棒だったとは
サイバーパンクエッジランナーズE2,どっかで会った？
サイバーパンクエッジランナーズE2,いや たぶん 初めて
サイバーパンクエッジランナーズE2,こんなもんつけちゃって
サイバーパンクエッジランナーズE2,ガキがサンデヴィスタン？ それも既製品じゃないわね
サイバーパンクエッジランナーズE2,別に詮索はしないわ それがナイトシティでしょ？
サイバーパンクエッジランナーズE2,その代わり私の仕事を手伝わない？
サイバーパンクエッジランナーズE2,泥棒を？
サイバーパンクエッジランナーズE2,私が狙うのはアラサカのやつだけ
サイバーパンクエッジランナーズE2,じゃあ俺は コーポに見えたの？
サイバーパンクエッジランナーズE2,スキャンしたら アラサカアカデミーのＩＤ登録がね
サイバーパンクエッジランナーズE2,まっ 言われてみりゃ コーポのガキには見えないか
サイバーパンクエッジランナーズE2,もう辞めたよ あんなとこ
サイバーパンクエッジランナーズE2,ふーん 問題児なんだ
サイバーパンクエッジランナーズE2,狙うのはコーポだけだね？
サイバーパンクエッジランナーズE2,乗ってきたわね
サイバーパンクエッジランナーズE2,賢く育ててくれた親に感謝なさい
サイバーパンクエッジランナーズE2,あんたマジで隙だらけ
サイバーパンクエッジランナーズE2,レクチャーのしがいがあるわ
サイバーパンクエッジランナーズE2,それで 俺の取り分は？
サイバーパンクエッジランナーズE2,私が８ あんたが２
サイバーパンクエッジランナーズE2,はあ？ ふざけてる？
サイバーパンクエッジランナーズE2,俺のサンデヴィスタンが 頼りなんだろ
サイバーパンクエッジランナーズE2,盗ったチップをさばくのもこっち
サイバーパンクエッジランナーズE2,それに あんたの授業料もあるわ
サイバーパンクエッジランナーズE2,授業料ね
サイバーパンクエッジランナーズE2,実は俺もカネが要るんだ せめて６：４にならない？
サイバーパンクエッジランナーズE2,0.29375
サイバーパンクエッジランナーズE2,仕事が終わったら その場で 取り分 払うってのでどう？
サイバーパンクエッジランナーズE2,分かった
サイバーパンクエッジランナーズE2,決まりね
サイバーパンクエッジランナーズE2,ルーシーよ
サイバーパンクエッジランナーズE2,デイビッドだ
サイバーパンクエッジランナーズE2,つながった 聞こえる？
サイバーパンクエッジランナーズE2,聞こえてる
サイバーパンクエッジランナーズE2,こっちも聞こえてる
サイバーパンクエッジランナーズE2,ターゲットは？
サイバーパンクエッジランナーズE2,３時の方向
サイバーパンクエッジランナーズE2,侵入するわ
サイバーパンクエッジランナーズE2,オーケー 準備して いい？
サイバーパンクエッジランナーズE2,３ ２ １ 行くよ
サイバーパンクエッジランナーズE2,成功
サイバーパンクエッジランナーズE2,初心者コースよ 次からが本番
サイバーパンクエッジランナーズE2,よっしゃ
サイバーパンクエッジランナーズE2,おしゃべり中のＯＬはノーガード
サイバーパンクエッジランナーズE2,ＢＤ中はおいしいカモ
サイバーパンクエッジランナーズE2,簡単すぎ チュートリアルは もういいだろ
サイバーパンクエッジランナーズE2,オーケー じゃあ いよいよモンスター狩りよ
サイバーパンクエッジランナーズE2,コーポじゃないよね？
サイバーパンクエッジランナーズE2,アラサカの用心棒よ ３ ２…
サイバーパンクエッジランナーズE2,やるじゃない モンスタークリアね 次で降りるわ
サイバーパンクエッジランナーズE2,了解
サイバーパンクエッジランナーズE2,どう？ うまくやれただろ
サイバーパンクエッジランナーズE2,まあ ２割分の仕事はできたかな
サイバーパンクエッジランナーズE2,３割だろ
サイバーパンクエッジランナーズE2,冗談よ
サイバーパンクエッジランナーズE2,乗り換えて またやる？
サイバーパンクエッジランナーズE2,路線も替えるわ そろそろ気付いたやつもいるでしょ
サイバーパンクエッジランナーズE2,リスクは最小限に…
サイバーパンクエッジランナーズE2,どうなの？
サイバーパンクエッジランナーズE2,初心者がよくやるの
サイバーパンクエッジランナーズE2,負荷の高いインプラントを 慣らしもせずに使ったんでしょ
サイバーパンクエッジランナーズE2,抑制剤は何を？
サイバーパンクエッジランナーズE2,彼 保険は？
サイバーパンクエッジランナーズE2,知らないわ 入ってるようには見えないけど
サイバーパンクエッジランナーズE2,誰か呼べる家族は？ 緊急連絡先とか
サイバーパンクエッジランナーズE2,だから知らない
サイバーパンクエッジランナーズE2,親ぐらいはいるんじゃない？ アカデミーの生徒だったって
サイバーパンクエッジランナーズE2,アラサカ？ だから こんな…
サイバーパンクエッジランナーズE2,ちょっと失礼
サイバーパンクエッジランナーズE2,どう？ 現状への感想は？
サイバーパンクエッジランナーズE2,気持ち悪い
サイバーパンクエッジランナーズE2,抑制剤は何使ってる？
サイバーパンクエッジランナーズE2,何それ
サイバーパンクエッジランナーズE2,ウソでしょ？ イカれてるわ
サイバーパンクエッジランナーズE2,ちょっと 通り過ぎて…
サイバーパンクエッジランナーズE2,あら～
サイバーパンクエッジランナーズE2,この子の入れてるインプラント すごく高価なものなの
サイバーパンクエッジランナーズE2,黙っておとなしくしていれば…
サイバーパンクエッジランナーズE2,何？ スカベンジャーにでも 売り渡すわけ？
サイバーパンクエッジランナーズE2,嫌なら あんたのインプラントも頂く
サイバーパンクエッジランナーズE2,デイビッド やっぱり私が８で あんたが２だわ
サイバーパンクエッジランナーズE2,最高ー！
サイバーパンクエッジランナーズE2,あれ？
サイバーパンクエッジランナーズE2,リパー
サイバーパンクエッジランナーズE2,リパーのとこに連れて…
サイバーパンクエッジランナーズE2,よお デイビッド ひどいザマだな 平気か？
サイバーパンクエッジランナーズE2,いや…
サイバーパンクエッジランナーズE2,何回 使った？
サイバーパンクエッジランナーズE2,６… ８回ぐらい？
サイバーパンクエッジランナーズE2,おいおい バカか？ 大人でも発狂する回数だぞ
サイバーパンクエッジランナーズE2,何ともなかったんだけど 急に鼻血が出て…
サイバーパンクエッジランナーズE2,こいつ抑制剤のこと 知らなかったみたいだけど
サイバーパンクエッジランナーズE2,ああ 必要ないと思ってな
サイバーパンクエッジランナーズE2,あきれたやつね 早く薬を出して
サイバーパンクエッジランナーズE2,普通のじゃ効かねえからな
サイバーパンクエッジランナーズE2,ちっと高いぜ カネはあんのか？
サイバーパンクエッジランナーズE2,カネ 取るのか…
サイバーパンクエッジランナーズE2,そりゃ当然だろ サービスは手術代までだ
サイバーパンクエッジランナーズE2,これでどう？
サイバーパンクエッジランナーズE2,２日分だな
サイバーパンクエッジランナーズE2,それだけ？
サイバーパンクエッジランナーズE2,嫌なら街の医者に行きな
サイバーパンクエッジランナーズE2,またスカベンジャーに 売り飛ばされんのがオチだろうがな
サイバーパンクエッジランナーズE2,悪徳リパーめ
サイバーパンクエッジランナーズE2,まだ外すつもりはないようだな
サイバーパンクエッジランナーズE2,ない
サイバーパンクエッジランナーズE2,そいつを１日に８度も起動させて 平気だとは信じられん お前が鈍感なだけか
サイバーパンクエッジランナーズE2,だが使い過ぎはやめとけ
サイバーパンクエッジランナーズE2,せいぜい１日に２度 多くて３度までだな
サイバーパンクエッジランナーズE2,仮に体が受け入れても頭は別だ
サイバーパンクエッジランナーズE2,こいつは確実にお前さんの精神を むしばむだろうよ
サイバーパンクエッジランナーズE2,サイバーサイコシスに なるってこと？
サイバーパンクエッジランナーズE2,インプラント１つで？ そんなの聞いたことない
サイバーパンクエッジランナーズE2,それくらいヤバい代物ってことさ
サイバーパンクエッジランナーズE2,もういいの？
サイバーパンクエッジランナーズE2,ああ
サイバーパンクエッジランナーズE2,今日はもう 仕事はやめね
サイバーパンクエッジランナーズE2,やれるよ 俺
サイバーパンクエッジランナーズE2,ダメよ
サイバーパンクエッジランナーズE2,サイバーサイコの面倒見るのは ごめんだわ
サイバーパンクエッジランナーズE2,サンデヴィスタンは いざという時だけ使えばいいわ
サイバーパンクエッジランナーズE2,ほかにも やりようはある
サイバーパンクエッジランナーズE2,まだ俺と組む気あるんだ…
サイバーパンクエッジランナーズE2,今日の分 返してもらわないとね
サイバーパンクエッジランナーズE2,俺もやりたい カネが要るんだ
サイバーパンクエッジランナーズE2,決まりね
サイバーパンクエッジランナーズE2,やっぱり もうひと稼ぎしない？
サイバーパンクエッジランナーズE2,大家に家を追い出されそうでさ
サイバーパンクエッジランナーズE2,今日は もうダメ 諦めな
サイバーパンクエッジランナーズE2,だよな
サイバーパンクエッジランナーズE2,来て
サイバーパンクエッジランナーズE2,そうこなくっちゃ
サイバーパンクエッジランナーズE2,仕事じゃないわよ
サイバーパンクエッジランナーズE2,ここよ
サイバーパンクエッジランナーズE2,えっと… 独り？
サイバーパンクエッジランナーズE2,そうだけど
サイバーパンクエッジランナーズE2,ふーん
サイバーパンクエッジランナーズE2,もしかして緊張してる？
サイバーパンクエッジランナーズE2,いや
サイバーパンクエッジランナーズE2,初めてとか？
サイバーパンクエッジランナーズE2,いや
サイバーパンクエッジランナーズE2,してないって！
サイバーパンクエッジランナーズE2,座って ビールしかないからビールね
サイバーパンクエッジランナーズE2,うん 乾杯
サイバーパンクエッジランナーズE2,ちょっと
サイバーパンクエッジランナーズE2,何？ まさか酒も初めてなの？
サイバーパンクエッジランナーズE2,酒はいいんだけど
サイバーパンクエッジランナーズE2,炭酸とタバコは苦手なんだ
サイバーパンクエッジランナーズE2,そんなやついるかな？
サイバーパンクエッジランナーズE2,ホントだって
サイバーパンクエッジランナーズE2,ダッサ あんた服もダサい
サイバーパンクエッジランナーズE2,脱いで
サイバーパンクエッジランナーズE2,なんで？
サイバーパンクエッジランナーズE2,いいから貸しなよ
サイバーパンクエッジランナーズE2,おい
サイバーパンクエッジランナーズE2,勝手に描くなよ
サイバーパンクエッジランナーズE2,エッジランナーズ？
サイバーパンクエッジランナーズE2,サイバーパンクの別名よ
サイバーパンクエッジランナーズE2,なるんでしょ あんた
サイバーパンクエッジランナーズE2,ＪＫのエッジランナーズは めっちゃ見てた
サイバーパンクエッジランナーズE2,そっち？
サイバーパンクエッジランナーズE2,そっちこそ あのダサいポスター 部屋に貼る？
サイバーパンクエッジランナーズE2,悪い？
サイバーパンクエッジランナーズE2,いや 悪くはないけど
サイバーパンクエッジランナーズE2,よく広告で この世の楽園みたいに 宣伝してるけどさ
サイバーパンクエッジランナーズE2,月開発のために どれだけ人が死んでるか知ってる？
サイバーパンクエッジランナーズE2,楽園っていうより地獄だよ
サイバーパンクエッジランナーズE2,詳しいのね
サイバーパンクエッジランナーズE2,アカデミーじゃ
サイバーパンクエッジランナーズE2,広告で言わないことも 教えられるからね
サイバーパンクエッジランナーズE2,さすが アラサカアカデミーのお坊ちゃん
サイバーパンクエッジランナーズE2,そんなんじゃない
サイバーパンクエッジランナーズE2,通ってるだけでも 十分 お坊ちゃんだわ
サイバーパンクエッジランナーズE2,違う！
サイバーパンクエッジランナーズE2,うち 父親もカネもなくてさ
サイバーパンクエッジランナーズE2,アカデミーなんて 行けるような家じゃなかった
サイバーパンクエッジランナーズE2,でも母さんは
サイバーパンクエッジランナーズE2,俺をアカデミーに行かせたいって 相当 無理してて…
サイバーパンクエッジランナーズE2,けど 行って すぐに分かった
サイバーパンクエッジランナーズE2,こんなやつらに なじめるわけないって
サイバーパンクエッジランナーズE2,それが分かって なんですぐに辞めなかったの？
サイバーパンクエッジランナーズE2,無理でしょ
サイバーパンクエッジランナーズE2,アカデミーに行って アラサカに就職して
サイバーパンクエッジランナーズE2,高い所で仕事して…
サイバーパンクエッジランナーズE2,それが母さんの望みっていうか
サイバーパンクエッジランナーズE2,夢ってやつ だったから…
サイバーパンクエッジランナーズE2,それって他人の夢じゃん
サイバーパンクエッジランナーズE2,他人？
サイバーパンクエッジランナーズE2,親子って別々の人間でしょ
サイバーパンクエッジランナーズE2,あんた人の夢のために生きてるの？
サイバーパンクエッジランナーズE2,それって ダメなことなのかな？
サイバーパンクエッジランナーズE2,夢は他人のものじゃないわ
サイバーパンクエッジランナーズE2,自分には夢があるって口ぶりだね
サイバーパンクエッジランナーズE2,マジなの？
サイバーパンクエッジランナーズE2,あんたは地獄っていうけどさ
サイバーパンクエッジランナーズE2,私にとっては ここが地獄
サイバーパンクエッジランナーズE2,ここが？
サイバーパンクエッジランナーズE2,私は遠いとこへ行きたいんだ
サイバーパンクエッジランナーズE2,いいもの見せてあげる
サイバーパンクエッジランナーズE2,すっげえ解像度
サイバーパンクエッジランナーズE2,太陽 熱っ！
サイバーパンクエッジランナーズE2,パーソナルリンク経由で 太陽光の熱を感じさせてるの
サイバーパンクエッジランナーズE2,リアルな設定だと 熱すぎてヤバいから
サイバーパンクエッジランナーズE2,人が感じて大丈夫なくらいには セーブしてるわ
サイバーパンクエッジランナーズE2,オフにする？
サイバーパンクエッジランナーズE2,面白いから これでいい
サイバーパンクエッジランナーズE2,何その格好
サイバーパンクエッジランナーズE2,いいでしょ？
サイバーパンクエッジランナーズE2,これ最高！
サイバーパンクエッジランナーズE2,でしょ？
サイバーパンクエッジランナーズE2,こっち来て
サイバーパンクエッジランナーズE2,誰かとやるの 初めてだ
サイバーパンクエッジランナーズE2,そう… なんだ
サイバーパンクエッジランナーズE2,えっと… なんで見せてくれたの？
サイバーパンクエッジランナーズE2,なんでだろ？ あんたには見せてもいいかなって
サイバーパンクエッジランナーズE2,ふーん
サイバーパンクエッジランナーズE2,私たち
サイバーパンクエッジランナーズE2,いいコンビになりそうじゃない？
サイバーパンクエッジランナーズE2,そうだね…
サイバーパンクエッジランナーズE2,エッジを越えちまったな 小僧
サイバーパンクエッジランナーズE2,小僧 悪いがそいつは 俺んだ
サイバーパンクエッジランナーズE2,返してもらうぜ
サイバーパンクエッジランナーズE3,どうすんのさ。
サイバーパンクエッジランナーズE3,大体 俺の中に入ってるはずのもんだろうが！
サイバーパンクエッジランナーズE3,なんで こうなった！
サイバーパンクエッジランナーズE3,外すにもカネが要るってことさ。
サイバーパンクエッジランナーズE3,クソッ。
サイバーパンクエッジランナーズE3,まったく余計なことしやがって。
サイバーパンクエッジランナーズE3,こいつをバラしたら？
サイバーパンクエッジランナーズE3,死体から剥がすほうが いくらか安上がりにならねえか？
サイバーパンクエッジランナーズE3,大して変わんねえよ。
サイバーパンクエッジランナーズE3,安くはなるんだな？
サイバーパンクエッジランナーズE3,少しはな。
サイバーパンクエッジランナーズE3,だとよ！
サイバーパンクエッジランナーズE3,じゃあ 股先から始めるか。
サイバーパンクエッジランナーズE3,人のインプラントを勝手にインストールしたのを後悔するんだな。
サイバーパンクエッジランナーズE3,私の部屋 血まみれにする気？
サイバーパンクエッジランナーズE3,うるせえ。
サイバーパンクエッジランナーズE3,何よ 私が見つけてやったんでしょ。
サイバーパンクエッジランナーズE3,ダマしてたのか…うるせえ。
サイバーパンクエッジランナーズE3,小僧 なんで お前が俺のサンデヴィスタンを持ってる？
サイバーパンクエッジランナーズE3,あんたの？
サイバーパンクエッジランナーズE3,俺が取引相手から買った。
サイバーパンクエッジランナーズE3,だが代金を払ったとたん そいつと連絡が取れなくなった。
サイバーパンクエッジランナーズE3,前払いなんかするからよ。
サイバーパンクエッジランナーズE3,ありえねえ。
サイバーパンクエッジランナーズE3,うるせえ！
サイバーパンクエッジランナーズE3,急いでカネが要るって言うし 信用できる取引相手だった。
サイバーパンクエッジランナーズE3,こんなバックレは初めてだ。
サイバーパンクエッジランナーズE3,待って。
サイバーパンクエッジランナーズE3,取引相手って？
サイバーパンクエッジランナーズE3,グロリア･マルティネスだ。
サイバーパンクエッジランナーズE3,知ってるのか？
サイバーパンクエッジランナーズE3,俺の母さんだ。
サイバーパンクエッジランナーズE3,グロリアの息子か。
サイバーパンクエッジランナーズE3,あいつ 何だって売りもんを自分のガキに。
サイバーパンクエッジランナーズE3,母さんは死んだ。
サイバーパンクエッジランナーズE3,昨日。
サイバーパンクエッジランナーズE3,昨日だと？
サイバーパンクエッジランナーズE3,俺が取引したのは おとといだぞ 何があった？
サイバーパンクエッジランナーズE3,まさか足がついて…車の事故だよ。
サイバーパンクエッジランナーズE3,ギャングの撃ち合いに巻き込まれて。
サイバーパンクエッジランナーズE3,完全に巻き添えさ。
サイバーパンクエッジランナーズE3,サンデヴィスタンとは関係ない。
サイバーパンクエッジランナーズE3,コールしても出ないわけだ。
サイバーパンクエッジランナーズE3,そりゃ気の毒だったな けどよ。
サイバーパンクエッジランナーズE3,だからといって そいつを勝手につけていいって道理はねえぜ。
サイバーパンクエッジランナーズE3,あんたのだとは知らなかった。
サイバーパンクエッジランナーズE3,それにしたって。
サイバーパンクエッジランナーズE3,誰のかも分からねえ そんな物騒なもん自分に入れるか？
サイバーパンクエッジランナーズE3,こいつ かなりイカれてるぜ。
サイバーパンクエッジランナーズE3,どれだけヤバいか知らなかったんだろ。
サイバーパンクエッジランナーズE3,あんたたちサイバーパンクか？
サイバーパンクエッジランナーズE3,だったら どうした。
サイバーパンクエッジランナーズE3,サンデヴィスタンはそのままにしてくれ カネは返す。
サイバーパンクエッジランナーズE3,持ち合わせはないけど 働いて稼ぐから。
サイバーパンクエッジランナーズE3,カネの問題じゃねえ そいつは軍用だ。
サイバーパンクエッジランナーズE3,代えは そうそう見つからねえ。
サイバーパンクエッジランナーズE3,母さんに支払った分しか返せない。
サイバーパンクエッジランナーズE3,じゃあ 今 バラす。
サイバーパンクエッジランナーズE3,ここではやめて。
サイバーパンクエッジランナーズE3,あんたのとこで働かせてくれ。
サイバーパンクエッジランナーズE3,冗談のつもりか？
サイバーパンクエッジランナーズE3,素人に何ができる？
サイバーパンクエッジランナーズE3,サンデヴィスタンが使える。
サイバーパンクエッジランナーズE3,無理無理！
サイバーパンクエッジランナーズE3,ガキに使いこなせる代物じゃねえよ。
サイバーパンクエッジランナーズE3,結構 使えてると思うよ。
サイバーパンクエッジランナーズE3,ガキじゃ日回ともたねえだろ。
サイバーパンクエッジランナーズE3,回使った。
サイバーパンクエッジランナーズE3,おい いいかげんなこと言うなよ。
サイバーパンクエッジランナーズE3,なら 今 使ってみせようか？
サイバーパンクエッジランナーズE3,おいおい 勝手に動くな。
サイバーパンクエッジランナーズE3,大丈夫 彼のタバコを取ってくる。
サイバーパンクエッジランナーズE3,これで今日回… いや 回目だ。
サイバーパンクエッジランナーズE3,やっべえな やっぱ こいつイカれてるぜ。
サイバーパンクエッジランナーズE3,チャンスをくれ。
サイバーパンクエッジランナーズE3,チャンスだ？
サイバーパンクエッジランナーズE3, 何のチャンスだ。
サイバーパンクエッジランナーズE3,何か仕事をやらせてくれ うまくやってみせる。
サイバーパンクエッジランナーズE3,肝は据わってるみてえだな。
サイバーパンクエッジランナーズE3,いいだろう テストしてやる。
サイバーパンクエッジランナーズE3,また物好きが…グロリアには何度か稼がせてもらったしな。
サイバーパンクエッジランナーズE3,心配すんな トラッカーを仕込むだけだ。
サイバーパンクエッジランナーズE3,逃げられちゃ困るからな。
サイバーパンクエッジランナーズE3,逃げねえよ。
サイバーパンクエッジランナーズE3,逃げるやつは みんな そう言うんだぜ。
サイバーパンクエッジランナーズE3,あすの朝 連絡する。
サイバーパンクエッジランナーズE3,あの人たちの… 仲間だったんだ。
サイバーパンクエッジランナーズE3,そうよ。
サイバーパンクエッジランナーズE3,まさか最初から…会ったのは偶然。
サイバーパンクエッジランナーズE3,メインが取引した軍用のサンデヴィスタンが消えた話は聞いてたから。
サイバーパンクエッジランナーズE3,あんたが使ってるのを見て もしかしたらと思って—— 照合したらビンゴ。
サイバーパンクエッジランナーズE3,それで俺を引き止めてたわけか。
サイバーパンクエッジランナーズE3,全部 ウソだったんだ。
サイバーパンクエッジランナーズE3,あんたも もう帰ったら？
サイバーパンクエッジランナーズE3,ああ。
サイバーパンクエッジランナーズE3,お母さん 気の毒だったね。
サイバーパンクエッジランナーズE3,マルティネス君。
サイバーパンクエッジランナーズE3,今日は君にとって いいお知らせがあります。
サイバーパンクエッジランナーズE3,君のこれまでの学業成績が アラサカ本社から認められ 奨学金を出すことが検討されています。
サイバーパンクエッジランナーズE3,おめでとう これでアカデミーに復学できます。
サイバーパンクエッジランナーズE3,これは実に名誉なことです。
サイバーパンクエッジランナーズE3,しかしながら 先日の学校内での君の暴力行為も もちろん見過ごすわけにはいきません。
サイバーパンクエッジランナーズE3,クラスメイトのカツオ･タナカ君は 君が誠意を込めて謝罪をし 今の態度を改めれば 処分を軽減してもよいと言ってくれてるそうです。
サイバーパンクエッジランナーズE3,詳しいことは…小僧 仕事だ。
サイバーパンクエッジランナーズE3,こっちだ 小僧。
サイバーパンクエッジランナーズE3,よお 小僧。
サイバーパンクエッジランナーズE3,データどおり ホントにガキだね 大丈夫？
サイバーパンクエッジランナーズE3,さあな。
サイバーパンクエッジランナーズE3,お前なら守備範囲内だろ かわいがってやれよ。
サイバーパンクエッジランナーズE3,まあ あんたよりマシだろうね。
サイバーパンクエッジランナーズE3,こいつはキーウィ。
サイバーパンクエッジランナーズE3,ドリオとピラルは会ったな。
サイバーパンクエッジランナーズE3,座れ 小僧。
サイバーパンクエッジランナーズE3,俺はデイビ…うっせって。
サイバーパンクエッジランナーズE3,仕事の説明をする。
サイバーパンクエッジランナーズE3,ファイルを見ろ。
サイバーパンクエッジランナーズE3,アラサカ社のボディーガード兼 運転手の—— マクシムだ。
サイバーパンクエッジランナーズE3,欲しいのは こいつが運転している車のナビデータだ。
サイバーパンクエッジランナーズE3,ナビデータ？
サイバーパンクエッジランナーズE3, 車じゃなくて？
サイバーパンクエッジランナーズE3,車を盗ったらアラサカの忍者どもがすぐ追いかけてきちまうだろ？
サイバーパンクエッジランナーズE3, だからナビデータだ。
サイバーパンクエッジランナーズE3,それで？
サイバーパンクエッジランナーズE3,こいつは賭けボクシングが唯一の楽しみで 週末は必ずアリーナで観戦する。
サイバーパンクエッジランナーズE3,殺人パンチのブッチャーってボクサーがお気に入りで 毎回 こいつに賭けてる。
サイバーパンクエッジランナーズE3,まっ ほとんどの連中が こいつが相手を半殺しにするのを期待して 見に来てるがな。
サイバーパンクエッジランナーズE3,だが… 今度の週末は番狂わせで回戦で負けちまう。
サイバーパンクエッジランナーズE3,なんで分かるの？
サイバーパンクエッジランナーズE3,分かるのさ。
サイバーパンクエッジランナーズE3,やつは 負けた日は必ず近くのバーでやけ酒をあおる。
サイバーパンクエッジランナーズE3,ベロンベロンに酔っ払ったところで—— お前の出番だ。
サイバーパンクエッジランナーズE3,キーを拝借したら コーナーにいるドリオに渡せ。
サイバーパンクエッジランナーズE3,キー情報をコピーしたら やつが飲んだくれてる間に 車に忍び込んでナビ情報を頂く。
サイバーパンクエッジランナーズE3,それは こっちでやるから お前は気付かれないように キーをやつのスロットに戻せ。
サイバーパンクエッジランナーズE3,それで仕事は終わりだ。
サイバーパンクエッジランナーズE3,待って やつに上からの着信。
サイバーパンクエッジランナーズE3,コーポの飼い犬に休みなしってか。
サイバーパンクエッジランナーズE3,俺なら当然 無視っちまうぜ。
サイバーパンクエッジランナーズE3,マズい 緊急の呼び出しよ。
サイバーパンクエッジランナーズE3,あいつ 行くつもりか。
サイバーパンクエッジランナーズE3,コピー 間に合わないよ。
サイバーパンクエッジランナーズE3,クソッ 作戦変更だ。
サイバーパンクエッジランナーズE3,デイビッド キーを持って車へ行け。
サイバーパンクエッジランナーズE3,レベッカ 足止めしろ。
サイバーパンクエッジランナーズE3,早く行きな。
サイバーパンクエッジランナーズE3,ごめんなさあ～いんだ コラ！
サイバーパンクエッジランナーズE3,乗れ やつが戻る前にデータを頂く。
サイバーパンクエッジランナーズE3,どうやって！
サイバーパンクエッジランナーズE3,それはこっちでやる。
サイバーパンクエッジランナーズE3,運転席へ。
サイバーパンクエッジランナーズE3,いけそう？
サイバーパンクエッジランナーズE3,話しかけないで。
サイバーパンクエッジランナーズE3,アラサカのセキュリティーってホントむかつく。
サイバーパンクエッジランナーズE3,おじさん ごめんね～ああ まあ いいってことよ。
サイバーパンクエッジランナーズE3,おわびに今度 遊ぼうね～お前か！
サイバーパンクエッジランナーズE3,えっ 何のこと？
サイバーパンクエッジランナーズE3, おじさん 怖～い足止め限界 来るよ。
サイバーパンクエッジランナーズE3,データは？
サイバーパンクエッジランナーズE3,あと少し。
サイバーパンクエッジランナーズE3,ズラかって 間に合わない。
サイバーパンクエッジランナーズE3,もう終わる。
サイバーパンクエッジランナーズE3,終わった。
サイバーパンクエッジランナーズE3,開かない！
サイバーパンクエッジランナーズE3,セキュリティーにかかった？
サイバーパンクエッジランナーズE3,あらら ドジったわね。
サイバーパンクエッジランナーズE3,オラア ふっざけるな 開けろ 小僧！
サイバーパンクエッジランナーズE3,あーあ しょうがねえ 車を出せ。
サイバーパンクエッジランナーズE3,早くしろ。
サイバーパンクエッジランナーズE3,運転なんてやったことないよ。
サイバーパンクエッジランナーズE3,何とかしろ。
サイバーパンクエッジランナーズE3,このクソガキ！
サイバーパンクエッジランナーズE3, 降りろってんだ。
サイバーパンクエッジランナーズE3,腕を見せるんだろ？
サイバーパンクエッジランナーズE3,聞いてんのか おい！
サイバーパンクエッジランナーズE3, ただじゃおかねえからな オラア！
サイバーパンクエッジランナーズE3,やめろ 俺の車を… ああっ！
サイバーパンクエッジランナーズE3,おい！
サイバーパンクエッジランナーズE3, 待て！
サイバーパンクエッジランナーズE3,俺の車じゃなくてよかったぜ。
サイバーパンクエッジランナーズE3,そのままアルドの店に行け。
サイバーパンクエッジランナーズE3,GPSは切ったか？
サイバーパンクエッジランナーズE3,中からは無理。
サイバーパンクエッジランナーズE3,ジャミングかけてるけど 暗号が変則的に変わるから 時々 漏れる。
サイバーパンクエッジランナーズE3,強いジャマーがないと。
サイバーパンクエッジランナーズE3,アルドのとこなら—— 大丈夫だ 俺たちもすぐ行く。
サイバーパンクエッジランナーズE3,通信範囲から出そうだ。
サイバーパンクエッジランナーズE3,止まる？
サイバーパンクエッジランナーズE3,ダメだ。
サイバーパンクエッジランナーズE3,場所が漏れてるなら 追っ手が来てるはずだ。
サイバーパンクエッジランナーズE3,止まるとやべえ 何とか逃げ切れ。
サイバーパンクエッジランナーズE3,ナビ出すよ。
サイバーパンクエッジランナーズE3,サンキュー。
サイバーパンクエッジランナーズE3,行けるかな？
サイバーパンクエッジランナーズE3,あんた次第。
サイバーパンクエッジランナーズE3,運転 慣れてきたじゃない。
サイバーパンクエッジランナーズE3,天才？
サイバーパンクエッジランナーズE3,サポートシステムが優秀なのね。
サイバーパンクエッジランナーズE3,あっそ。
サイバーパンクエッジランナーズE3,来た。
サイバーパンクエッジランナーズE3,タイガークロウズ？
サイバーパンクエッジランナーズE3,フン マクシムが雇ったんでしょ。
サイバーパンクエッジランナーズE3,もう？
サイバーパンクエッジランナーズE3,コーポをナメないことね。
サイバーパンクエッジランナーズE3,下じゃ小回りが利く向こうが有利。
サイバーパンクエッジランナーズE3,ハイウェイに入って。
サイバーパンクエッジランナーズE3,んだ コラ！
サイバーパンクエッジランナーズE3, 逃げんのか オラ！
サイバーパンクエッジランナーズE3,勝負せんかい コラ！
サイバーパンクエッジランナーズE3,引き離せそうだ。
サイバーパンクエッジランナーズE3,ヤバい 渋滞！
サイバーパンクエッジランナーズE3,あらららら マズいねえ。
サイバーパンクエッジランナーズE3,あー 追いつかれるよ。
サイバーパンクエッジランナーズE3,のろまが！
サイバーパンクエッジランナーズE3,シートベルトを！
サイバーパンクエッジランナーズE3,三枚に下ろしてやらあ！
サイバーパンクエッジランナーズE3,仲間をやりやがったなー！
サイバーパンクエッジランナーズE3,トラをナメるなーっ！
サイバーパンクエッジランナーズE3,閉まってる。
サイバーパンクエッジランナーズE3,いるはずだけど。
サイバーパンクエッジランナーズE3,まっ ここでもジャマーは効いてるみたいね。
サイバーパンクエッジランナーズE3,あれ ドア…とっくに解除した。
サイバーパンクエッジランナーズE3,待ってて 見てくる。
サイバーパンクエッジランナーズE3,逃げるなんてひでえじゃねえか。
サイバーパンクエッジランナーズE3,もっと遊ぼうぜ～！
サイバーパンクエッジランナーズE3,血… 血だよ！
サイバーパンクエッジランナーズE3,血を見せろー！
サイバーパンクエッジランナーズE3,待たせたな。
サイバーパンクエッジランナーズE3,まあ 初めてにしちゃ上出来だったな。
サイバーパンクエッジランナーズE3,合格かい？
サイバーパンクエッジランナーズE3,面倒見てやってもいい。
サイバーパンクエッジランナーズE3,だが忘れんな。
サイバーパンクエッジランナーズE3,この世界で最後に頼れるのは自分だけだ。
サイバーパンクエッジランナーズE3,死にたくなけりゃ早く一人前になれ。
サイバーパンクエッジランナーズE3,分かった。
サイバーパンクエッジランナーズE3,この指 最高だろ なあ？
サイバーパンクエッジランナーズE3, チョー正確！
サイバーパンクエッジランナーズE3,あんたが一晩中 何してるか分かったわ。
サイバーパンクエッジランナーズE3,おい どういうことだよ！
サイバーパンクエッジランナーズE3,そうだぜ～！
サイバーパンクエッジランナーズE3, 何時間だってもつぜ～！
サイバーパンクエッジランナーズE3,抑制剤だ。
サイバーパンクエッジランナーズE3,これでか月はもつだろう それと…お前の取り分だ。
サイバーパンクエッジランナーズE3,こんなに？
サイバーパンクエッジランナーズE3,配分はフェアにやる。
サイバーパンクエッジランナーズE3,それが俺の流儀だ。
サイバーパンクエッジランナーズE3,まだ生身か。
サイバーパンクエッジランナーズE3,カネがたまったら何か買うんだな。
サイバーパンクエッジランナーズE3,生身じゃサンデヴィスタンのブーストに耐えられねえ。
サイバーパンクエッジランナーズE3,確かに。
サイバーパンクエッジランナーズE3,そうすりゃ タイガークロウズなんか簡単に倒せるぜ。
サイバーパンクエッジランナーズE3,ザコだけじゃなくてな。
サイバーパンクエッジランナーズE3,入れて強くなるなら何でも入れる。
サイバーパンクエッジランナーズE3,これも俺の流儀だ。
サイバーパンクエッジランナーズE3,インプラントも—— 仲間もな。
サイバーパンクエッジランナーズE3,クッソ…リムジンのナビデータを持ってこいと伝えたはずだが？
サイバーパンクエッジランナーズE3, リムジンそのものではなく。
サイバーパンクエッジランナーズE3,ナビデータも手に入れたぜ。
サイバーパンクエッジランナーズE3,相手に気付かれずにやるのが条件だった。
サイバーパンクエッジランナーズE3,そのつもりだったが 状況が変わった 臨機応変だ。
サイバーパンクエッジランナーズE3,タナカが どこに行ってるか知るのが重要だった。
サイバーパンクエッジランナーズE3,だからナビデータを解析すりゃ分かるだろ。
サイバーパンクエッジランナーズE3,こんな派手なやり方をすれば向こうも警戒する。
サイバーパンクエッジランナーズE3,もう場所を変えてる頃だ。
サイバーパンクエッジランナーズE3,だから何の場所だ？
サイバーパンクエッジランナーズE3,知る必要はない。
サイバーパンクエッジランナーズE3,クソ野郎が。
サイバーパンクエッジランナーズE3,肝心なことを聞かずにうまく仕事がやれるかよ。
サイバーパンクエッジランナーズE3,伝える情報が少ないほうがこちらのリスクは少ない。
サイバーパンクエッジランナーズE3,それを理解しろ。
サイバーパンクエッジランナーズE3,お前らは考える必要はない。
サイバーパンクエッジランナーズE3,決められた条件を満たすように動け。
サイバーパンクエッジランナーズE3,私が命令し お前は従う。
サイバーパンクエッジランナーズE3,それがルールだ。
サイバーパンクエッジランナーズE3,違うか？
サイバーパンクエッジランナーズE3,ああ そのとおりだ。
サイバーパンクエッジランナーズE3,よろしい。
サイバーパンクエッジランナーズE3,向こうの警戒が緩むまで間を置く。
サイバーパンクエッジランナーズE3,また連絡する。
サイバーパンクエッジランナーズE3,ああ 分かったよ。
サイバーパンクエッジランナーズE3,今のは？
サイバーパンクエッジランナーズE3,ファラデー。
サイバーパンクエッジランナーズE3,今回の仕事を持ってきた。
サイバーパンクエッジランナーズE3,この辺りじゃナンバーワンのフィクサーだ。
サイバーパンクエッジランナーズE3,あんたがいちばん上かと思ってた。
サイバーパンクエッジランナーズE3,現場を仕切るのは俺だ。
サイバーパンクエッジランナーズE3,だが やつらはカネを払う。
サイバーパンクエッジランナーズE3,この世界じゃカネがあるほど上ってわけだ。
サイバーパンクエッジランナーズE3,シンプルでいいだろ？
サイバーパンクエッジランナーズE3,難しく考えるな。
サイバーパンクエッジランナーズE3,今日は楽しめ！
サイバーパンクエッジランナーズE3,よお。
サイバーパンクエッジランナーズE3,えっと 誰だっけ…ひどーい 一緒に仕事した仲なのに。
サイバーパンクエッジランナーズE3,ああ 店にいた…いい陽動だっただろ。
サイバーパンクエッジランナーズE3,そうだね。
サイバーパンクエッジランナーズE3,あーしはレベッカ。
サイバーパンクエッジランナーズE3,これからもメインと仕事すんだよね？
サイバーパンクエッジランナーズE3,たぶん これ炭酸？
サイバーパンクエッジランナーズE3,じゃあ また会おうね よろしく～よろしく。
サイバーパンクエッジランナーズE3,マルティネス君。
サイバーパンクエッジランナーズE3,少し 周りが騒々しいようですね。
サイバーパンクエッジランナーズE3,今 大丈夫ですか？
サイバーパンクエッジランナーズE3,はい 大丈夫です。
サイバーパンクエッジランナーズE3,先日のメッセージは聞いていただけましたか？
サイバーパンクエッジランナーズE3,はい 聞いてます。
サイバーパンクエッジランナーズE3,では カツオ･タナカ君への謝罪ですが。
サイバーパンクエッジランナーズE3,カツオには こう伝えてください。
サイバーパンクエッジランナーズE3,リベンジは いつでも受けてやる。
サイバーパンクエッジランナーズE3,ただ 次は手加減しねえから そのつもりでな！
サイバーパンクエッジランナーズE4,どうだ？
サイバーパンクエッジランナーズE4,全く出入りなし
サイバーパンクエッジランナーズE4,そうか
サイバーパンクエッジランナーズE4,ファラデーの言うとおり場所を替えたようだね
サイバーパンクエッジランナーズE4,ダメもとで見張ってはみたが空振りみてえだな
サイバーパンクエッジランナーズE4,アラサカがそこまで警戒するってよっぽどだね
サイバーパンクエッジランナーズE4,ファラデーがだんまり決め込んでんのも気に入らねえ
サイバーパンクエッジランナーズE4,こりゃ相当ヤバいもんがあったな
サイバーパンクエッジランナーズE4,逃がした魚は大きいか
サイバーパンクエッジランナーズE4,こっちでもタナカのことをもっと調べてみるかい？
サイバーパンクエッジランナーズE4,アラサカのブタ野郎を嗅ぎ回るのは趣味じゃねえ
サイバーパンクエッジランナーズE4,そういうのはフィクサーの仕事だろ
サイバーパンクエッジランナーズE4,私が命令しお前は従う、それがルールだ
サイバーパンクエッジランナーズE4,はいはい
サイバーパンクエッジランナーズE4,まあでもキーウィも動いてるし何かつかんだら回す手はずになってるわ
サイバーパンクエッジランナーズE4,つまりしばらく暇
サイバーパンクエッジランナーズE4,俺らは待機ってことだ
サイバーパンクエッジランナーズE4,デイビッド、今忙しいんだよ
サイバーパンクエッジランナーズE4,あ、いや…あれから連絡がないから
サイバーパンクエッジランナーズE4,仕事があったら連絡するって言ったろ
サイバーパンクエッジランナーズE4,今はない？何でもやるよ
サイバーパンクエッジランナーズE4,そう焦るな
サイバーパンクエッジランナーズE4,もうこの前のカネ使っちまったのか？
サイバーパンクエッジランナーズE4,カネだけのためじゃない
サイバーパンクエッジランナーズE4,ん？
サイバーパンクエッジランナーズE4,仕事を覚えたいんだ
サイバーパンクエッジランナーズE4,いつまでも生身のままじゃいられない…だよね？
サイバーパンクエッジランナーズE4,しゃあねえな
サイバーパンクエッジランナーズE4,あんたがアルド？
サイバーパンクエッジランナーズE4,あー？誰だお前
サイバーパンクエッジランナーズE4,メインからの指示で…
サイバーパンクエッジランナーズE4,あー？お前がデイビスか？
サイバーパンクエッジランナーズE4,あ、いや…
サイバーパンクエッジランナーズE4,あー？
サイバーパンクエッジランナーズE4,デイビッド、デイビス？
サイバーパンクエッジランナーズE4,デイビッド、デイビスじゃないデイビッド！
サイバーパンクエッジランナーズE4,大声出すな聞こえとる
サイバーパンクエッジランナーズE4,あーデイビッドな、デイビッド
サイバーパンクエッジランナーズE4,ピラルへのお使いな
サイバーパンクエッジランナーズE4,ピラル？
サイバーパンクエッジランナーズE4,お前だろ？アラサカのリムジン乗り回してベコベコにしたアホたれは
サイバーパンクエッジランナーズE4,ああ…初めてでさ
サイバーパンクエッジランナーズE4,無傷ならもうかってたってのによ
サイバーパンクエッジランナーズE4,ほーんと何も分かっちゃいねえ
サイバーパンクエッジランナーズE4,次はそうするよ
サイバーパンクエッジランナーズE4,あ？
サイバーパンクエッジランナーズE4,次はそうする！
サイバーパンクエッジランナーズE4,次ってか？
サイバーパンクエッジランナーズE4,お前とアラサカはクソと便所ぐらい差があらあ
サイバーパンクエッジランナーズE4,どういう意味？
サイバーパンクエッジランナーズE4,そいつはおめえ、クソかクソまみれかの違いに決まってんだろ
サイバーパンクエッジランナーズE4,ワトソンでサイバーサイコが出たって？
サイバーパンクエッジランナーズE4,最近増えてきたな
サイバーパンクエッジランナーズE4,ああ巡回中の警官が人やられた
サイバーパンクエッジランナーズE4,記録を見たがひでえもんだよ
サイバーパンクエッジランナーズE4,ランチャー発でムショで出されるペーストメシみたいにぐしゃぐしゃになってた
サイバーパンクエッジランナーズE4,あーデイビッドじゃん、元気？
サイバーパンクエッジランナーズE4,あ…あれ？
サイバーパンクエッジランナーズE4,どしたの？何か用？
サイバーパンクエッジランナーズE4,えっ、ああ、これメインの指示でピラルに
サイバーパンクエッジランナーズE4,ああ、アニキ！
サイバーパンクエッジランナーズE4,アニキ？
サイバーパンクエッジランナーズE4,ああ？
サイバーパンクエッジランナーズE4,メインから何か来てんぞ
サイバーパンクエッジランナーズE4,来た来たー！すべてのテッキー垂涎のウルトラサイバーハンド、たまんねー！
サイバーパンクエッジランナーズE4,もう帰っていいんじゃない？
サイバーパンクエッジランナーズE4,次の指示とかないのかな
サイバーパンクエッジランナーズE4,あー、アニキー！
サイバーパンクエッジランナーズE4,おう、もう帰っていいぞ
サイバーパンクエッジランナーズE4,レベッカ、駄賃払っとけ
サイバーパンクエッジランナーズE4,自分で払えこのゴミカス野郎！
サイバーパンクエッジランナーズE4,防弾も完璧だぜ
サイバーパンクエッジランナーズE4,今日はこれで終わりってこと？
サイバーパンクエッジランナーズE4,あー、まあそうなんじゃない？
サイバーパンクエッジランナーズE4,そっかあ
サイバーパンクエッジランナーズE4,うおっ、こんなに？
サイバーパンクエッジランナーズE4,あんたやっぱいいわ
サイバーパンクエッジランナーズE4,へ？
サイバーパンクエッジランナーズE4,またねデイビッド
サイバーパンクエッジランナーズE4,あんた今夜空いてる？
サイバーパンクエッジランナーズE4,来たんだ
サイバーパンクエッジランナーズE4,呼び出したのはそっちでしょ
サイバーパンクエッジランナーズE4,メインがうるさいのよ
サイバーパンクエッジランナーズE4,は？メイン？
サイバーパンクエッジランナーズE4,なんで私が猫でもジョイトイでも拾ったやつが世話するのが筋ってもんだろう
サイバーパンクエッジランナーズE4,飼いだしたのはメインでしょ
サイバーパンクエッジランナーズE4,とにかくあいつ仕事くれくれうるせえんだよ
サイバーパンクエッジランナーズE4,体でも鍛えさせて黙らせてくれ
サイバーパンクエッジランナーズE4,クソ野郎
サイバーパンクエッジランナーズE4,ひでえ
サイバーパンクエッジランナーズE4,私のほうがとばっちりなんだけど
サイバーパンクエッジランナーズE4,まあそりゃそうだ
サイバーパンクエッジランナーズE4,確かにサイバーパンクになるには貧相ね
サイバーパンクエッジランナーズE4,インプラントをあとつかつつけたらサイバーサイコになっちゃうかも
サイバーパンクエッジランナーズE4,そこまで軟弱じゃねえよ
サイバーパンクエッジランナーズE4,どうだか
サイバーパンクエッジランナーズE4,使ったことあるか？
サイバーパンクエッジランナーズE4,ないよ
サイバーパンクエッジランナーズE4,グロリアは持たせてくれなかったのか？
サイバーパンクエッジランナーズE4,じゃあ慣れとけ
サイバーパンクエッジランナーズE4,何なら教えてやってもいい
サイバーパンクエッジランナーズE4,俺はサンデヴィスタンがあればいいだろ？
サイバーパンクエッジランナーズE4,ねえ
サイバーパンクエッジランナーズE4,何？
サイバーパンクエッジランナーズE4,ルーシーってもしかしてネットランナー？
サイバーパンクエッジランナーズE4,だったら何？
サイバーパンクエッジランナーズE4,あ、いや、ランナーにランニングって必要なの？
サイバーパンクエッジランナーズE4,ネットランナーだってサイバーパンクよ
サイバーパンクエッジランナーズE4,普通の体じゃいられないわ
サイバーパンクエッジランナーズE4,銃なんてママのマッマでも持ってるお守りよ
サイバーパンクエッジランナーズE4,サイバーパンクになるならゴムみたいに常に持っとけ
サイバーパンクエッジランナーズE4,まっ、中にはランナーの能力だけで戦うやつもいるが
サイバーパンクエッジランナーズE4,そいつらみたいにインプラントをバカスカ入れられるようになるのはまだ先だ
サイバーパンクエッジランナーズE4,それに比べりゃ銃のほうが手っとり早く使えるようになる
サイバーパンクエッジランナーズE4,ねえ
サイバーパンクエッジランナーズE4,何？
サイバーパンクエッジランナーズE4,ルーシーっていくつ？
サイバーパンクエッジランナーズE4,ルーシーとはどうだ？
サイバーパンクエッジランナーズE4,え？
サイバーパンクエッジランナーズE4,うまくいってんのか？
サイバーパンクエッジランナーズE4,いや、ごめん
サイバーパンクエッジランナーズE4,その…若さとスキルが釣り合ってないなっていうか
サイバーパンクエッジランナーズE4,年とスキルは関係ないわ
サイバーパンクエッジランナーズE4,才能と努力
サイバーパンクエッジランナーズE4,こっちが若いってマウント取りに来るやつなんて最低
サイバーパンクエッジランナーズE4,例えば？
サイバーパンクエッジランナーズE4,手長テッキー
サイバーパンクエッジランナーズE4,うまくって何の話？
サイバーパンクエッジランナーズE4,まさかまだヤッてないのか？
サイバーパンクエッジランナーズE4,ちょっと待って、だから何の話？
サイバーパンクエッジランナーズE4,デイビッド、サイバーパンクも男もいつまでもルーキーじゃいられねえんだぜ？
サイバーパンクエッジランナーズE4,でもこの前人で話してなかったっけ？
サイバーパンクエッジランナーズE4,あのリムジン盗んだ日に行った店で
サイバーパンクエッジランナーズE4,あいつが先輩面してちょっかい出してきただけよ
サイバーパンクエッジランナーズE4,酔うとすぐ手を伸ばしてくるからハックして帰らせたわ
サイバーパンクエッジランナーズE4,へえ
サイバーパンクエッジランナーズE4,あんた本気でサイバーパンクになるつもり？
サイバーパンクエッジランナーズE4,俺そんなつもりじゃ…
サイバーパンクエッジランナーズE4,さすがに見え見えだぞ
サイバーパンクエッジランナーズE4,俺、相手にされてないんじゃないかな
サイバーパンクエッジランナーズE4,そうかもな
サイバーパンクエッジランナーズE4,なんで？
サイバーパンクエッジランナーズE4,正直向いてるようには見えないわ
サイバーパンクエッジランナーズE4,どこが？
サイバーパンクエッジランナーズE4,ねえ！
サイバーパンクエッジランナーズE4,どこまでが本当だったのか分からないんだよね
サイバーパンクエッジランナーズE4,何がだ？
サイバーパンクエッジランナーズE4,月へ行きたいってさ
サイバーパンクエッジランナーズE4,月だあ？
サイバーパンクエッジランナーズE4,それが夢なんだって
サイバーパンクエッジランナーズE4,意外に早かったわね
サイバーパンクエッジランナーズE4,よく言うよ
サイバーパンクエッジランナーズE4,ホントに思ったより早いわ
サイバーパンクエッジランナーズE4,前を走ってるやつに言われてもうれしくないね
サイバーパンクエッジランナーズE4,そんな話聞いたことねえな
サイバーパンクエッジランナーズE4,やっぱりウソ？
サイバーパンクエッジランナーズE4,さあな、自分で聞きな
サイバーパンクエッジランナーズE4,状況から見たらウソで当然って感じなんだけど
サイバーパンクエッジランナーズE4,でも月のBDを一緒にさ…やったんだよね
サイバーパンクエッジランナーズE4,月でデートってか
サイバーパンクエッジランナーズE4,そいつはナイトシティ住まいにはセンチな話だな！
サイバーパンクエッジランナーズE4,これトレーニングメニュー
サイバーパンクエッジランナーズE4,最低限の分だけ入ってるわ
サイバーパンクエッジランナーズE4,つきあうのは今日だけよ
サイバーパンクエッジランナーズE4,あんたが私に背中を見せるぐらい走れるようになったら…
サイバーパンクエッジランナーズE4,なったら？
サイバーパンクエッジランナーズE4,彼女いつから仲間に？
サイバーパンクエッジランナーズE4,年くらい前だったか、キーウィが拾ってきた
サイバーパンクエッジランナーズE4,腕があるやつを見つけたとか言ってな
サイバーパンクエッジランナーズE4,その前は？
サイバーパンクエッジランナーズE4,俺も詳しいことは知らん
サイバーパンクエッジランナーズE4,知りたきゃ自分で聞け
サイバーパンクエッジランナーズE4,俺にとって重要なのは一緒に組めるやつかどうかさ
サイバーパンクエッジランナーズE4,メインらしいね
サイバーパンクエッジランナーズE4,うっせーぞ！ったく
サイバーパンクエッジランナーズE4,すごい音
サイバーパンクエッジランナーズE4,長っ
サイバーパンクエッジランナーズE4,メインが車使っていいってさ
サイバーパンクエッジランナーズE4,あっ、ルーシー
サイバーパンクエッジランナーズE4,もういいわ
サイバーパンクエッジランナーズE4,じゃ、あ…
サイバーパンクエッジランナーズE4,少し話せない？
サイバーパンクエッジランナーズE4,こっち
サイバーパンクエッジランナーズE4,あー、曇ってるな
サイバーパンクエッジランナーズE4,あの月のBDよかったな
サイバーパンクエッジランナーズE4,楽しかった
サイバーパンクエッジランナーズE4,私も話したいと思ってた
サイバーパンクエッジランナーズE4,え？
サイバーパンクエッジランナーズE4,あの日話したこと、あれはウソじゃないから
サイバーパンクエッジランナーズE4,誰かとやるの初めてだったってのも
サイバーパンクエッジランナーズE4,よかった
サイバーパンクエッジランナーズE4,あれが全部ウソだったって思いたくなかったんだ
サイバーパンクエッジランナーズE4,今もウソついてるかもよ
サイバーパンクエッジランナーズE4,それは信じない
サイバーパンクエッジランナーズE4,なんで？
サイバーパンクエッジランナーズE4,嫌だから
サイバーパンクエッジランナーズE4,何それ
サイバーパンクエッジランナーズE4,もっと早く言ってくれたらよかったのに
サイバーパンクエッジランナーズE4,言えないわ
サイバーパンクエッジランナーズE4,どうして？
サイバーパンクエッジランナーズE4,私のこと怒ってたでしょ
サイバーパンクエッジランナーズE4,怒ってないよ
サイバーパンクエッジランナーズE4,怒ってたね
サイバーパンクエッジランナーズE4,怒ってたっていうか…やっぱ怒ってたかな
サイバーパンクエッジランナーズE4,認めたな
サイバーパンクエッジランナーズE4,怒ってたかもしれないけど嫌いにはなってないから
サイバーパンクエッジランナーズE4,じゃなきゃ助けたりしないよ
サイバーパンクエッジランナーズE4,ウソ
サイバーパンクエッジランナーズE4,ホントさ
サイバーパンクエッジランナーズE4,ウソよ
サイバーパンクエッジランナーズE4,あんたは飛び出すわ、誰にでも反射的に考えもなしに…そういうやつ
サイバーパンクエッジランナーズE4,だから俺は向いてないって？
サイバーパンクエッジランナーズE4,メインは認めてくれてるけど君は…
サイバーパンクエッジランナーズE4,そうじゃない
サイバーパンクエッジランナーズE4,あんたはいいサイバーパンクになれると思う
サイバーパンクエッジランナーズE4,たぶんそうなる
サイバーパンクエッジランナーズE4,じゃあなんで…
サイバーパンクエッジランナーズE4,この世界で名を残す方法はどう生きるかじゃない、どう死ぬかよ
サイバーパンクエッジランナーズE4,あんたには似合わないよ
サイバーパンクエッジランナーズE4,君は？俺と大して変わらないだろ
サイバーパンクエッジランナーズE4,私はほかに居場所がないの
サイバーパンクエッジランナーズE4,それは俺だって…
サイバーパンクエッジランナーズE4,あんたと私は違う
サイバーパンクエッジランナーズE4,どこが！
サイバーパンクエッジランナーズE4,俺が君を月に連れていくよ
サイバーパンクエッジランナーズE4,約束する
サイバーパンクエッジランナーズE4,死んでほしくないの
サイバーパンクエッジランナーズE4,死ぬもんか
